Label,Decision offset
friendly_banter,0.13115652847074138
harassment,0.1657515052637697
malicious_sarcasm,0.29490103530729606
neutral_discussion,0.0
prejudicial,0.10845681984420827
trolling,0.14638233523762756
